Anzahl Raiden Clients, durchschnittliche Zeit des Sendens der Nachricht

10,1.5050999999999999 Sekunden
10,1.6360999999999999 Sekunden
10,1.3725999999999998 Sekunden
10,2.0884 Sekunden
20,3.50415 Sekunden
20,2.91515 Sekunden
20,4.18065 Sekunden
20,2.3552 Sekunden
30,7.991833333333333 Sekunden
19,3.3823684210526315 Sekunden
30,4.028733333333333 Sekunden
30,7.151333333333333 Sekunden
